Afghanistan,500,AF,AFG
Afghanistan,500,AF,AFG
Afghanistan,500,AF,AFG
Afghanistan,500,AF,AFG
Afghanistan,500,AF,AFG
Afghanistan,500,AF,AFG
Afghanistan,500,AF,AFG
Afghanistan,500,AF,AFG
Afghanistan,500,AF,AFG
Afghanistan,500,AF,AFG
Afghanistan,500,AF,AFG
Afghanistan,500,AF,AFG
Afghanistan,500,AF,AFG
Afghanistan,500,AF,AFG
Afghanistan,500,AF,AFG
Afghanistan,500,AF,AFG
Afghanistan,500,AF,AFG
Afghanistan,500,AF,AFG
Afghanistan,500,AF,AFG
Afghanistan,500,AF,AFG
Afghanistan,500,AF,AFG
Afghanistan,500,AF,AFG
Afghanistan,500,AF,AFG
Afghanistan,500,AF,AFG
Afghanistan,500,AF,AFG
Afghanistan,500,AF,AFG
Afghanistan,500,AF,AFG
Afghanistan,500,AF,AFG
Afghanistan,500,AF,AFG
Afghanistan,500,AF,AFG
Afghanistan,500,AF,AFG
Afghanistan,500,AF,AFG
Afghanistan,500,AF,AFG
Afghanistan,500,AF,AFG
Afghanistan,500,AF,AFG
Afghanistan,500,AF,AFG
Afghanistan,500,AF,AFG
Afghanistan,500,AF,AFG
Afghanistan,500,AF,AFG
Afghanistan,500,AF,AFG
Afghanistan,500,AF,AFG
Afghanistan,500,AF,AFG
Afghanistan,500,AF,AFG
Afghanistan,500,AF,AFG
Afghanistan,500,AF,AFG
Afghanistan,500,AF,AFG
Afghanistan,500,AF,AFG
Afghanistan,500,AF,AFG
Afghanistan,500,AF,AFG
Afghanistan,500,AF,AFG
Afghanistan,500,AF,AFG
Afghanistan,500,AF,AFG
Afghanistan,500,AF,AFG
Afghanistan,500,AF,AFG
Afghanistan,500,AF,AFG
Afghanistan,500,AF,AFG
Afghanistan,500,AF,AFG
Afghanistan,500,AF,AFG
Afghanistan,500,AF,AFG
Afghanistan,500,AF,AFG
Afghanistan,500,AF,AFG
Afghanistan,500,AF,AFG
Afghanistan,500,AF,AFG
Afghanistan,500,AF,AFG
Afghanistan,500,AF,AFG
Afghanistan,500,AF,AFG
Afghanistan,500,AF,AFG
Afghanistan,500,AF,AFG
Afghanistan,500,AF,AFG
Afghanistan,500,AF,AFG
Afghanistan,500,AF,AFG
Afghanistan,500,AF,AFG
Afghanistan,500,AF,AFG
Afghanistan,500,AF,AFG
Afghanistan,500,AF,AFG
Afghanistan,500,AF,AFG
Afghanistan,500,AF,AFG
Afghanistan,500,AF,AFG
Afghanistan,500,AF,AFG
Afghanistan,500,AF,AFG
Afghanistan,500,AF,AFG
Afghanistan,500,AF,AFG
Afghanistan,500,AF,AFG
Afghanistan,500,AF,AFG
Afghanistan,500,AF,AFG
Afghanistan,500,AF,AFG
Afghanistan,500,AF,AFG
Afghanistan,500,AF,AFG
Afghanistan,500,AF,AFG
Afghanistan,500,AF,AFG
Afghanistan,500,AF,AFG
Afghanistan,500,AF,AFG
Afghanistan,500,AF,AFG
Afghanistan,500,AF,AFG
Afghanistan,500,AF,AFG
Afghanistan,500,AF,AFG
Afghanistan,500,AF,AFG
Afghanistan,500,AF,AFG
Afghanistan,500,AF,AFG
Afghanistan,500,AF,AFG
Afghanistan,500,AF,AFG
